timestamp,symbol,position,total_symbols,net_positions
2026-01-16T17:43:36.700677,GOOG,-88,1,-88
2026-01-16T17:43:37.699271,GOOG,338,1,338
2026-01-16T17:43:38.705233,GOOG,338,2,377
2026-01-16T17:43:38.705233,MSFT,39,2,377
2026-01-16T17:43:39.722171,GOOG,585,2,624
2026-01-16T17:43:39.722171,MSFT,39,2,624
2026-01-16T17:43:40.734599,GOOG,585,2,146
2026-01-16T17:43:40.734599,MSFT,-439,2,146
2026-01-16T17:43:41.735811,GOOG,585,3,278
2026-01-16T17:43:41.735811,MSFT,-439,3,278
2026-01-16T17:43:41.735811,AAPL,132,3,278
2026-01-16T17:43:42.750599,GOOG,585,3,45
2026-01-16T17:43:42.750599,MSFT,-672,3,45
2026-01-16T17:43:42.750599,AAPL,132,3,45
2026-01-16T17:43:43.747833,GOOG,585,3,-17
2026-01-16T17:43:43.747833,MSFT,-734,3,-17
2026-01-16T17:43:43.747833,AAPL,132,3,-17
2026-01-16T17:43:44.750069,GOOG,585,3,-87
2026-01-16T17:43:44.750069,MSFT,-804,3,-87
2026-01-16T17:43:44.750069,AAPL,132,3,-87
2026-01-16T17:43:45.761248,GOOG,216,3,-456
2026-01-16T17:43:45.761248,MSFT,-804,3,-456
2026-01-16T17:43:45.761248,AAPL,132,3,-456
2026-01-16T17:43:46.774758,GOOG,216,3,-648
2026-01-16T17:43:46.774758,MSFT,-996,3,-648
2026-01-16T17:43:46.774758,AAPL,132,3,-648
2026-01-16T17:43:47.789652,GOOG,216,3,-242
2026-01-16T17:43:47.789652,MSFT,-590,3,-242
2026-01-16T17:43:47.789652,AAPL,132,3,-242
2026-01-16T17:43:48.800389,GOOG,216,4,-699
2026-01-16T17:43:48.800389,MSFT,-590,4,-699
2026-01-16T17:43:48.800389,AAPL,132,4,-699
2026-01-16T17:43:48.800389,TSLA,-457,4,-699
2026-01-16T17:43:49.819129,GOOG,216,4,-423
2026-01-16T17:43:49.819129,MSFT,-590,4,-423
2026-01-16T17:43:49.819129,AAPL,408,4,-423
2026-01-16T17:43:49.819129,TSLA,-457,4,-423
2026-01-16T17:43:50.808285,GOOG,216,4,-260
2026-01-16T17:43:50.808285,MSFT,-590,4,-260
2026-01-16T17:43:50.808285,AAPL,571,4,-260
2026-01-16T17:43:50.808285,TSLA,-457,4,-260
2026-01-16T17:43:51.834087,GOOG,-207,4,-683
2026-01-16T17:43:51.834087,MSFT,-590,4,-683
2026-01-16T17:43:51.834087,AAPL,571,4,-683
2026-01-16T17:43:51.834087,TSLA,-457,4,-683
2026-01-16T17:43:52.844405,GOOG,-207,4,-1149
2026-01-16T17:43:52.844405,MSFT,-1056,4,-1149
2026-01-16T17:43:52.844405,AAPL,571,4,-1149
2026-01-16T17:43:52.844405,TSLA,-457,4,-1149
2026-01-16T17:43:53.857680,GOOG,-207,4,-1079
2026-01-16T17:43:53.857680,MSFT,-1056,4,-1079
2026-01-16T17:43:53.857680,AAPL,571,4,-1079
2026-01-16T17:43:53.857680,TSLA,-387,4,-1079
2026-01-16T17:43:54.861618,GOOG,-207,4,-1286
2026-01-16T17:43:54.861618,MSFT,-1263,4,-1286
2026-01-16T17:43:54.861618,AAPL,571,4,-1286
2026-01-16T17:43:54.861618,TSLA,-387,4,-1286
2026-01-16T17:43:55.887446,GOOG,-207,4,-1531
2026-01-16T17:43:55.887446,MSFT,-1263,4,-1531
2026-01-16T17:43:55.887446,AAPL,571,4,-1531
2026-01-16T17:43:55.887446,TSLA,-632,4,-1531
2026-01-16T17:43:56.892103,GOOG,-440,4,-1764
2026-01-16T17:43:56.892103,MSFT,-1263,4,-1764
2026-01-16T17:43:56.892103,AAPL,571,4,-1764
2026-01-16T17:43:56.892103,TSLA,-632,4,-1764
2026-01-16T17:43:57.900186,GOOG,-440,4,-1876
2026-01-16T17:43:57.900186,MSFT,-1375,4,-1876
2026-01-16T17:43:57.900186,AAPL,571,4,-1876
2026-01-16T17:43:57.900186,TSLA,-632,4,-1876
2026-01-16T17:43:58.916077,GOOG,-440,4,-1754
2026-01-16T17:43:58.916077,MSFT,-1375,4,-1754
2026-01-16T17:43:58.916077,AAPL,571,4,-1754
2026-01-16T17:43:58.916077,TSLA,-510,4,-1754
2026-01-16T17:43:59.918929,GOOG,-198,4,-1512
2026-01-16T17:43:59.918929,MSFT,-1375,4,-1512
2026-01-16T17:43:59.918929,AAPL,571,4,-1512
2026-01-16T17:43:59.918929,TSLA,-510,4,-1512
2026-01-16T17:44:00.922762,GOOG,-198,4,-1213
2026-01-16T17:44:00.922762,MSFT,-1076,4,-1213
2026-01-16T17:44:00.922762,AAPL,571,4,-1213
2026-01-16T17:44:00.922762,TSLA,-510,4,-1213
2026-01-16T17:44:01.929049,GOOG,-198,4,-1048
2026-01-16T17:44:01.929049,MSFT,-1076,4,-1048
2026-01-16T17:44:01.929049,AAPL,736,4,-1048
2026-01-16T17:44:01.929049,TSLA,-510,4,-1048
2026-01-16T17:44:02.949340,GOOG,-198,4,-1547
2026-01-16T17:44:02.949340,MSFT,-1076,4,-1547
2026-01-16T17:44:02.949340,AAPL,237,4,-1547
2026-01-16T17:44:02.949340,TSLA,-510,4,-1547
2026-01-16T17:44:03.948874,GOOG,-198,4,-2021
2026-01-16T17:44:03.948874,MSFT,-1076,4,-2021
2026-01-16T17:44:03.948874,AAPL,-237,4,-2021
2026-01-16T17:44:03.948874,TSLA,-510,4,-2021
2026-01-16T17:44:04.951259,GOOG,-198,4,-2061
2026-01-16T17:44:04.951259,MSFT,-1076,4,-2061
2026-01-16T17:44:04.951259,AAPL,-277,4,-2061
2026-01-16T17:44:04.951259,TSLA,-510,4,-2061
2026-01-16T17:44:05.957194,GOOG,-198,4,-2216
2026-01-16T17:44:05.957194,MSFT,-1231,4,-2216
2026-01-16T17:44:05.957194,AAPL,-277,4,-2216
2026-01-16T17:44:05.957194,TSLA,-510,4,-2216
2026-01-16T17:44:06.979854,GOOG,-198,4,-2146
2026-01-16T17:44:06.979854,MSFT,-1161,4,-2146
2026-01-16T17:44:06.979854,AAPL,-277,4,-2146
2026-01-16T17:44:06.979854,TSLA,-510,4,-2146
2026-01-16T17:44:07.955802,GOOG,-198,4,-1710
2026-01-16T17:44:07.955802,MSFT,-1161,4,-1710
2026-01-16T17:44:07.955802,AAPL,-277,4,-1710
2026-01-16T17:44:07.955802,TSLA,-74,4,-1710
2026-01-16T17:44:08.977720,GOOG,-198,4,-1310
2026-01-16T17:44:08.977720,MSFT,-1161,4,-1310
2026-01-16T17:44:08.977720,AAPL,-277,4,-1310
2026-01-16T17:44:08.977720,TSLA,326,4,-1310
2026-01-16T17:44:09.985743,GOOG,-198,4,-982
2026-01-16T17:44:09.985743,MSFT,-1161,4,-982
2026-01-16T17:44:09.985743,AAPL,51,4,-982
2026-01-16T17:44:09.985743,TSLA,326,4,-982
2026-01-16T17:44:10.988305,GOOG,-198,4,-741
2026-01-16T17:44:10.988305,MSFT,-1161,4,-741
2026-01-16T17:44:10.988305,AAPL,292,4,-741
2026-01-16T17:44:10.988305,TSLA,326,4,-741
2026-01-16T17:44:11.990206,GOOG,-198,4,-382
2026-01-16T17:44:11.990206,MSFT,-802,4,-382
2026-01-16T17:44:11.990206,AAPL,292,4,-382
2026-01-16T17:44:11.990206,TSLA,326,4,-382
2026-01-16T17:44:13.016896,GOOG,-198,4,-708
2026-01-16T17:44:13.016896,MSFT,-1128,4,-708
2026-01-16T17:44:13.016896,AAPL,292,4,-708
2026-01-16T17:44:13.016896,TSLA,326,4,-708
2026-01-16T17:44:14.034332,GOOG,-44,4,-554
2026-01-16T17:44:14.034332,MSFT,-1128,4,-554
2026-01-16T17:44:14.034332,AAPL,292,4,-554
2026-01-16T17:44:14.034332,TSLA,326,4,-554
2026-01-16T17:44:15.016940,GOOG,-44,4,-851
2026-01-16T17:44:15.016940,MSFT,-1425,4,-851
2026-01-16T17:44:15.016940,AAPL,292,4,-851
2026-01-16T17:44:15.016940,TSLA,326,4,-851
2026-01-16T17:44:16.035617,GOOG,-44,4,-680
2026-01-16T17:44:16.035617,MSFT,-1425,4,-680
2026-01-16T17:44:16.035617,AAPL,292,4,-680
2026-01-16T17:44:16.035617,TSLA,497,4,-680
2026-01-16T17:44:17.059172,GOOG,-44,4,-253
2026-01-16T17:44:17.059172,MSFT,-998,4,-253
2026-01-16T17:44:17.059172,AAPL,292,4,-253
2026-01-16T17:44:17.059172,TSLA,497,4,-253
2026-01-16T17:44:18.073615,GOOG,-44,4,-464
2026-01-16T17:44:18.073615,MSFT,-998,4,-464
2026-01-16T17:44:18.073615,AAPL,81,4,-464
2026-01-16T17:44:18.073615,TSLA,497,4,-464
2026-01-16T17:44:19.044890,GOOG,-44,4,-124
2026-01-16T17:44:19.044890,MSFT,-998,4,-124
2026-01-16T17:44:19.044890,AAPL,421,4,-124
2026-01-16T17:44:19.044890,TSLA,497,4,-124
2026-01-16T17:44:20.056128,GOOG,-486,4,-566
2026-01-16T17:44:20.056128,MSFT,-998,4,-566
2026-01-16T17:44:20.056128,AAPL,421,4,-566
2026-01-16T17:44:20.056128,TSLA,497,4,-566
2026-01-16T17:44:21.056788,GOOG,-486,4,-344
2026-01-16T17:44:21.056788,MSFT,-998,4,-344
2026-01-16T17:44:21.056788,AAPL,643,4,-344
2026-01-16T17:44:21.056788,TSLA,497,4,-344
2026-01-16T17:44:22.079891,GOOG,-486,4,-434
2026-01-16T17:44:22.079891,MSFT,-998,4,-434
2026-01-16T17:44:22.079891,AAPL,553,4,-434
2026-01-16T17:44:22.079891,TSLA,497,4,-434
2026-01-16T17:44:23.068884,GOOG,-486,4,-184
2026-01-16T17:44:23.068884,MSFT,-998,4,-184
2026-01-16T17:44:23.068884,AAPL,803,4,-184
2026-01-16T17:44:23.068884,TSLA,497,4,-184
2026-01-16T17:44:24.083071,GOOG,-486,4,-214
2026-01-16T17:44:24.083071,MSFT,-998,4,-214
2026-01-16T17:44:24.083071,AAPL,803,4,-214
2026-01-16T17:44:24.083071,TSLA,467,4,-214
2026-01-16T17:44:25.094002,GOOG,-486,4,-124
2026-01-16T17:44:25.094002,MSFT,-998,4,-124
2026-01-16T17:44:25.094002,AAPL,893,4,-124
2026-01-16T17:44:25.094002,TSLA,467,4,-124
2026-01-16T17:44:26.107622,GOOG,-486,4,-143
2026-01-16T17:44:26.107622,MSFT,-998,4,-143
2026-01-16T17:44:26.107622,AAPL,874,4,-143
2026-01-16T17:44:26.107622,TSLA,467,4,-143
2026-01-16T17:44:27.104993,GOOG,-486,4,-53
2026-01-16T17:44:27.104993,MSFT,-998,4,-53
2026-01-16T17:44:27.104993,AAPL,964,4,-53
2026-01-16T17:44:27.104993,TSLA,467,4,-53
2026-01-16T17:44:28.110136,GOOG,-486,4,-537
2026-01-16T17:44:28.110136,MSFT,-998,4,-537
2026-01-16T17:44:28.110136,AAPL,964,4,-537
2026-01-16T17:44:28.110136,TSLA,-17,4,-537
2026-01-16T17:44:29.129638,GOOG,-937,4,-988
2026-01-16T17:44:29.129638,MSFT,-998,4,-988
2026-01-16T17:44:29.129638,AAPL,964,4,-988
2026-01-16T17:44:29.129638,TSLA,-17,4,-988
2026-01-16T17:44:30.136478,GOOG,-937,4,-1100
2026-01-16T17:44:30.136478,MSFT,-998,4,-1100
2026-01-16T17:44:30.136478,AAPL,964,4,-1100
2026-01-16T17:44:30.136478,TSLA,-129,4,-1100
2026-01-16T17:44:31.144984,GOOG,-937,4,-1289
2026-01-16T17:44:31.144984,MSFT,-998,4,-1289
2026-01-16T17:44:31.144984,AAPL,964,4,-1289
2026-01-16T17:44:31.144984,TSLA,-318,4,-1289
2026-01-16T17:44:32.159865,GOOG,-937,4,-886
2026-01-16T17:44:32.159865,MSFT,-998,4,-886
2026-01-16T17:44:32.159865,AAPL,964,4,-886
2026-01-16T17:44:32.159865,TSLA,85,4,-886
2026-01-16T17:44:33.180079,GOOG,-937,4,-1193
2026-01-16T17:44:33.180079,MSFT,-998,4,-1193
2026-01-16T17:44:33.180079,AAPL,964,4,-1193
2026-01-16T17:44:33.180079,TSLA,-222,4,-1193
2026-01-16T17:44:34.186813,GOOG,-937,4,-1352
2026-01-16T17:44:34.186813,MSFT,-998,4,-1352
2026-01-16T17:44:34.186813,AAPL,805,4,-1352
2026-01-16T17:44:34.186813,TSLA,-222,4,-1352
2026-01-16T17:44:35.177893,GOOG,-937,4,-1444
2026-01-16T17:44:35.177893,MSFT,-998,4,-1444
2026-01-16T17:44:35.177893,AAPL,805,4,-1444
2026-01-16T17:44:35.177893,TSLA,-314,4,-1444
2026-01-16T17:44:36.196164,GOOG,-937,4,-1138
2026-01-16T17:44:36.196164,MSFT,-998,4,-1138
2026-01-16T17:44:36.196164,AAPL,805,4,-1138
2026-01-16T17:44:36.196164,TSLA,-8,4,-1138
2026-01-16T17:44:37.198067,GOOG,-937,4,-1468
2026-01-16T17:44:37.198067,MSFT,-998,4,-1468
2026-01-16T17:44:37.198067,AAPL,475,4,-1468
2026-01-16T17:44:37.198067,TSLA,-8,4,-1468
2026-01-16T17:44:38.218044,GOOG,-937,4,-1075
2026-01-16T17:44:38.218044,MSFT,-998,4,-1075
2026-01-16T17:44:38.218044,AAPL,475,4,-1075
2026-01-16T17:44:38.218044,TSLA,385,4,-1075
2026-01-16T17:44:39.213935,GOOG,-684,4,-822
2026-01-16T17:44:39.213935,MSFT,-998,4,-822
2026-01-16T17:44:39.213935,AAPL,475,4,-822
2026-01-16T17:44:39.213935,TSLA,385,4,-822
2026-01-16T17:44:40.231266,GOOG,-684,4,-621
2026-01-16T17:44:40.231266,MSFT,-998,4,-621
2026-01-16T17:44:40.231266,AAPL,676,4,-621
2026-01-16T17:44:40.231266,TSLA,385,4,-621
2026-01-16T17:44:41.248513,GOOG,-1061,4,-998
2026-01-16T17:44:41.248513,MSFT,-998,4,-998
2026-01-16T17:44:41.248513,AAPL,676,4,-998
2026-01-16T17:44:41.248513,TSLA,385,4,-998
2026-01-16T17:44:42.269266,GOOG,-1460,4,-1397
2026-01-16T17:44:42.269266,MSFT,-998,4,-1397
2026-01-16T17:44:42.269266,AAPL,676,4,-1397
2026-01-16T17:44:42.269266,TSLA,385,4,-1397
2026-01-16T17:44:43.268103,GOOG,-1460,4,-915
2026-01-16T17:44:43.268103,MSFT,-516,4,-915
2026-01-16T17:44:43.268103,AAPL,676,4,-915
2026-01-16T17:44:43.268103,TSLA,385,4,-915
2026-01-16T17:44:44.285589,GOOG,-1460,4,-1411
2026-01-16T17:44:44.285589,MSFT,-1012,4,-1411
2026-01-16T17:44:44.285589,AAPL,676,4,-1411
2026-01-16T17:44:44.285589,TSLA,385,4,-1411
2026-01-16T17:44:45.287264,GOOG,-1460,4,-1817
2026-01-16T17:44:45.287264,MSFT,-1012,4,-1817
2026-01-16T17:44:45.287264,AAPL,270,4,-1817
2026-01-16T17:44:45.287264,TSLA,385,4,-1817
2026-01-16T17:44:46.286574,GOOG,-1252,4,-1609
2026-01-16T17:44:46.286574,MSFT,-1012,4,-1609
2026-01-16T17:44:46.286574,AAPL,270,4,-1609
2026-01-16T17:44:46.286574,TSLA,385,4,-1609
2026-01-16T17:44:47.287041,GOOG,-1252,4,-1823
2026-01-16T17:44:47.287041,MSFT,-1226,4,-1823
2026-01-16T17:44:47.287041,AAPL,270,4,-1823
2026-01-16T17:44:47.287041,TSLA,385,4,-1823
2026-01-16T17:44:48.300631,GOOG,-1326,4,-1897
2026-01-16T17:44:48.300631,MSFT,-1226,4,-1897
2026-01-16T17:44:48.300631,AAPL,270,4,-1897
2026-01-16T17:44:48.300631,TSLA,385,4,-1897
2026-01-16T17:44:49.298876,GOOG,-1326,4,-1420
2026-01-16T17:44:49.298876,MSFT,-749,4,-1420
2026-01-16T17:44:49.298876,AAPL,270,4,-1420
2026-01-16T17:44:49.298876,TSLA,385,4,-1420
2026-01-16T17:44:50.289964,GOOG,-1326,4,-1711
2026-01-16T17:44:50.289964,MSFT,-1040,4,-1711
2026-01-16T17:44:50.289964,AAPL,270,4,-1711
2026-01-16T17:44:50.289964,TSLA,385,4,-1711
2026-01-16T17:44:51.287269,GOOG,-1326,4,-1457
2026-01-16T17:44:51.287269,MSFT,-1040,4,-1457
2026-01-16T17:44:51.287269,AAPL,524,4,-1457
2026-01-16T17:44:51.287269,TSLA,385,4,-1457
2026-01-16T17:44:52.299890,GOOG,-1326,4,-1013
2026-01-16T17:44:52.299890,MSFT,-1040,4,-1013
2026-01-16T17:44:52.299890,AAPL,524,4,-1013
2026-01-16T17:44:52.299890,TSLA,829,4,-1013
2026-01-16T17:44:53.315706,GOOG,-1326,4,-564
2026-01-16T17:44:53.315706,MSFT,-1040,4,-564
2026-01-16T17:44:53.315706,AAPL,524,4,-564
2026-01-16T17:44:53.315706,TSLA,1278,4,-564
2026-01-16T17:44:54.317879,GOOG,-1438,4,-676
2026-01-16T17:44:54.317879,MSFT,-1040,4,-676
2026-01-16T17:44:54.317879,AAPL,524,4,-676
2026-01-16T17:44:54.317879,TSLA,1278,4,-676
2026-01-16T17:44:55.324406,GOOG,-1632,4,-870
2026-01-16T17:44:55.324406,MSFT,-1040,4,-870
2026-01-16T17:44:55.324406,AAPL,524,4,-870
2026-01-16T17:44:55.324406,TSLA,1278,4,-870
2026-01-16T17:44:56.340623,GOOG,-1403,4,-641
2026-01-16T17:44:56.340623,MSFT,-1040,4,-641
2026-01-16T17:44:56.340623,AAPL,524,4,-641
2026-01-16T17:44:56.340623,TSLA,1278,4,-641
2026-01-16T17:44:57.339922,GOOG,-1403,4,-468
2026-01-16T17:44:57.339922,MSFT,-1040,4,-468
2026-01-16T17:44:57.339922,AAPL,524,4,-468
2026-01-16T17:44:57.339922,TSLA,1451,4,-468
2026-01-16T17:44:58.343201,GOOG,-1136,4,-201
2026-01-16T17:44:58.343201,MSFT,-1040,4,-201
2026-01-16T17:44:58.343201,AAPL,524,4,-201
2026-01-16T17:44:58.343201,TSLA,1451,4,-201
2026-01-16T17:44:59.362909,GOOG,-1037,4,-102
2026-01-16T17:44:59.362909,MSFT,-1040,4,-102
2026-01-16T17:44:59.362909,AAPL,524,4,-102
2026-01-16T17:44:59.362909,TSLA,1451,4,-102
2026-01-16T17:45:00.376341,GOOG,-600,4,335
2026-01-16T17:45:00.376341,MSFT,-1040,4,335
2026-01-16T17:45:00.376341,AAPL,524,4,335
2026-01-16T17:45:00.376341,TSLA,1451,4,335
2026-01-16T17:45:01.387655,GOOG,-600,4,93
2026-01-16T17:45:01.387655,MSFT,-1040,4,93
2026-01-16T17:45:01.387655,AAPL,282,4,93
2026-01-16T17:45:01.387655,TSLA,1451,4,93
2026-01-16T17:45:02.379244,GOOG,-600,4,-90
2026-01-16T17:45:02.379244,MSFT,-1040,4,-90
2026-01-16T17:45:02.379244,AAPL,99,4,-90
2026-01-16T17:45:02.379244,TSLA,1451,4,-90
2026-01-16T17:45:03.400279,GOOG,-884,4,-374
2026-01-16T17:45:03.400279,MSFT,-1040,4,-374
2026-01-16T17:45:03.400279,AAPL,99,4,-374
2026-01-16T17:45:03.400279,TSLA,1451,4,-374
2026-01-16T17:45:04.410119,GOOG,-884,4,-818
2026-01-16T17:45:04.410119,MSFT,-1040,4,-818
2026-01-16T17:45:04.410119,AAPL,-345,4,-818
2026-01-16T17:45:04.410119,TSLA,1451,4,-818
2026-01-16T17:45:05.420380,GOOG,-884,4,-467
2026-01-16T17:45:05.420380,MSFT,-1040,4,-467
2026-01-16T17:45:05.420380,AAPL,-345,4,-467
2026-01-16T17:45:05.420380,TSLA,1802,4,-467
2026-01-16T17:45:06.415724,GOOG,-884,4,-879
2026-01-16T17:45:06.415724,MSFT,-1040,4,-879
2026-01-16T17:45:06.415724,AAPL,-757,4,-879
2026-01-16T17:45:06.415724,TSLA,1802,4,-879
2026-01-16T17:45:07.423279,GOOG,-459,4,-454
2026-01-16T17:45:07.423279,MSFT,-1040,4,-454
2026-01-16T17:45:07.423279,AAPL,-757,4,-454
2026-01-16T17:45:07.423279,TSLA,1802,4,-454
2026-01-16T17:45:08.417269,GOOG,-459,4,-318
2026-01-16T17:45:08.417269,MSFT,-904,4,-318
2026-01-16T17:45:08.417269,AAPL,-757,4,-318
2026-01-16T17:45:08.417269,TSLA,1802,4,-318
2026-01-16T17:45:09.437667,GOOG,-683,4,-542
2026-01-16T17:45:09.437667,MSFT,-904,4,-542
2026-01-16T17:45:09.437667,AAPL,-757,4,-542
2026-01-16T17:45:09.437667,TSLA,1802,4,-542
2026-01-16T17:45:10.447227,GOOG,-683,4,-912
2026-01-16T17:45:10.447227,MSFT,-904,4,-912
2026-01-16T17:45:10.447227,AAPL,-1127,4,-912
2026-01-16T17:45:10.447227,TSLA,1802,4,-912
2026-01-16T17:45:11.442097,GOOG,-683,4,-1234
2026-01-16T17:45:11.442097,MSFT,-1226,4,-1234
2026-01-16T17:45:11.442097,AAPL,-1127,4,-1234
2026-01-16T17:45:11.442097,TSLA,1802,4,-1234
2026-01-16T17:45:12.448348,GOOG,-683,4,-903
2026-01-16T17:45:12.448348,MSFT,-1226,4,-903
2026-01-16T17:45:12.448348,AAPL,-796,4,-903
2026-01-16T17:45:12.448348,TSLA,1802,4,-903
2026-01-16T17:45:13.453409,GOOG,-683,4,-486
2026-01-16T17:45:13.453409,MSFT,-1226,4,-486
2026-01-16T17:45:13.453409,AAPL,-379,4,-486
2026-01-16T17:45:13.453409,TSLA,1802,4,-486
2026-01-16T17:45:14.457637,GOOG,-683,4,-41
2026-01-16T17:45:14.457637,MSFT,-781,4,-41
2026-01-16T17:45:14.457637,AAPL,-379,4,-41
2026-01-16T17:45:14.457637,TSLA,1802,4,-41
2026-01-16T17:45:15.467744,GOOG,-683,4,364
2026-01-16T17:45:15.467744,MSFT,-781,4,364
2026-01-16T17:45:15.467744,AAPL,26,4,364
2026-01-16T17:45:15.467744,TSLA,1802,4,364
2026-01-16T17:45:16.474241,GOOG,-232,4,815
2026-01-16T17:45:16.474241,MSFT,-781,4,815
2026-01-16T17:45:16.474241,AAPL,26,4,815
2026-01-16T17:45:16.474241,TSLA,1802,4,815
2026-01-16T17:45:17.463040,GOOG,-232,4,754
2026-01-16T17:45:17.463040,MSFT,-842,4,754
2026-01-16T17:45:17.463040,AAPL,26,4,754
2026-01-16T17:45:17.463040,TSLA,1802,4,754
2026-01-16T17:45:18.468287,GOOG,-232,4,848
2026-01-16T17:45:18.468287,MSFT,-748,4,848
2026-01-16T17:45:18.468287,AAPL,26,4,848
2026-01-16T17:45:18.468287,TSLA,1802,4,848
2026-01-16T17:45:19.476256,GOOG,-232,4,646
2026-01-16T17:45:19.476256,MSFT,-748,4,646
2026-01-16T17:45:19.476256,AAPL,26,4,646
2026-01-16T17:45:19.476256,TSLA,1600,4,646
2026-01-16T17:45:20.499513,GOOG,-232,4,620
2026-01-16T17:45:20.499513,MSFT,-774,4,620
2026-01-16T17:45:20.499513,AAPL,26,4,620
2026-01-16T17:45:20.499513,TSLA,1600,4,620
2026-01-16T17:45:21.491544,GOOG,-177,4,675
2026-01-16T17:45:21.491544,MSFT,-774,4,675
2026-01-16T17:45:21.491544,AAPL,26,4,675
2026-01-16T17:45:21.491544,TSLA,1600,4,675
2026-01-16T17:45:22.499202,GOOG,-177,4,931
2026-01-16T17:45:22.499202,MSFT,-518,4,931
2026-01-16T17:45:22.499202,AAPL,26,4,931
2026-01-16T17:45:22.499202,TSLA,1600,4,931
2026-01-16T17:45:23.506047,GOOG,-379,4,729
2026-01-16T17:45:23.506047,MSFT,-518,4,729
2026-01-16T17:45:23.506047,AAPL,26,4,729
2026-01-16T17:45:23.506047,TSLA,1600,4,729
2026-01-16T17:45:24.502639,GOOG,-379,4,811
2026-01-16T17:45:24.502639,MSFT,-518,4,811
2026-01-16T17:45:24.502639,AAPL,108,4,811
2026-01-16T17:45:24.502639,TSLA,1600,4,811
2026-01-16T17:45:25.515090,GOOG,-379,4,780
2026-01-16T17:45:25.515090,MSFT,-518,4,780
2026-01-16T17:45:25.515090,AAPL,108,4,780
2026-01-16T17:45:25.515090,TSLA,1569,4,780
2026-01-16T17:45:26.511985,GOOG,-379,4,755
2026-01-16T17:45:26.511985,MSFT,-518,4,755
2026-01-16T17:45:26.511985,AAPL,83,4,755
2026-01-16T17:45:26.511985,TSLA,1569,4,755
2026-01-16T17:45:27.531936,GOOG,-379,4,1105
2026-01-16T17:45:27.531936,MSFT,-518,4,1105
2026-01-16T17:45:27.531936,AAPL,433,4,1105
2026-01-16T17:45:27.531936,TSLA,1569,4,1105
2026-01-16T17:45:28.529207,GOOG,-379,4,988
2026-01-16T17:45:28.529207,MSFT,-518,4,988
2026-01-16T17:45:28.529207,AAPL,433,4,988
2026-01-16T17:45:28.529207,TSLA,1452,4,988
2026-01-16T17:45:29.529594,GOOG,-379,4,817
2026-01-16T17:45:29.529594,MSFT,-518,4,817
2026-01-16T17:45:29.529594,AAPL,262,4,817
2026-01-16T17:45:29.529594,TSLA,1452,4,817
2026-01-16T17:45:30.548919,GOOG,-379,4,553
2026-01-16T17:45:30.548919,MSFT,-782,4,553
2026-01-16T17:45:30.548919,AAPL,262,4,553
2026-01-16T17:45:30.548919,TSLA,1452,4,553
2026-01-16T17:45:31.556945,GOOG,-379,4,238
2026-01-16T17:45:31.556945,MSFT,-782,4,238
2026-01-16T17:45:31.556945,AAPL,262,4,238
2026-01-16T17:45:31.556945,TSLA,1137,4,238
2026-01-16T17:45:32.574923,GOOG,-379,4,662
2026-01-16T17:45:32.574923,MSFT,-782,4,662
2026-01-16T17:45:32.574923,AAPL,262,4,662
2026-01-16T17:45:32.574923,TSLA,1561,4,662
2026-01-16T17:45:33.576932,GOOG,-379,4,296
2026-01-16T17:45:33.576932,MSFT,-782,4,296
2026-01-16T17:45:33.576932,AAPL,262,4,296
2026-01-16T17:45:33.576932,TSLA,1195,4,296
2026-01-16T17:45:34.588413,GOOG,-379,4,682
2026-01-16T17:45:34.588413,MSFT,-396,4,682
2026-01-16T17:45:34.588413,AAPL,262,4,682
2026-01-16T17:45:34.588413,TSLA,1195,4,682
2026-01-16T17:45:35.592308,GOOG,-379,4,258
2026-01-16T17:45:35.592308,MSFT,-396,4,258
2026-01-16T17:45:35.592308,AAPL,262,4,258
2026-01-16T17:45:35.592308,TSLA,771,4,258
2026-01-16T17:45:36.598972,GOOG,-379,4,-67
2026-01-16T17:45:36.598972,MSFT,-721,4,-67
2026-01-16T17:45:36.598972,AAPL,262,4,-67
2026-01-16T17:45:36.598972,TSLA,771,4,-67
2026-01-16T17:45:37.623952,GOOG,-379,4,178
2026-01-16T17:45:37.623952,MSFT,-721,4,178
2026-01-16T17:45:37.623952,AAPL,507,4,178
2026-01-16T17:45:37.623952,TSLA,771,4,178
2026-01-16T17:45:38.628250,GOOG,-177,4,380
2026-01-16T17:45:38.628250,MSFT,-721,4,380
2026-01-16T17:45:38.628250,AAPL,507,4,380
2026-01-16T17:45:38.628250,TSLA,771,4,380
2026-01-16T17:45:39.627012,GOOG,-177,4,191
2026-01-16T17:45:39.627012,MSFT,-721,4,191
2026-01-16T17:45:39.627012,AAPL,318,4,191
2026-01-16T17:45:39.627012,TSLA,771,4,191
2026-01-16T17:45:40.636117,GOOG,-177,4,-289
2026-01-16T17:45:40.636117,MSFT,-721,4,-289
2026-01-16T17:45:40.636117,AAPL,318,4,-289
2026-01-16T17:45:40.636117,TSLA,291,4,-289
2026-01-16T17:45:41.646597,GOOG,-127,4,-239
2026-01-16T17:45:41.646597,MSFT,-721,4,-239
2026-01-16T17:45:41.646597,AAPL,318,4,-239
2026-01-16T17:45:41.646597,TSLA,291,4,-239
2026-01-16T17:45:42.660231,GOOG,-127,4,-215
2026-01-16T17:45:42.660231,MSFT,-697,4,-215
2026-01-16T17:45:42.660231,AAPL,318,4,-215
2026-01-16T17:45:42.660231,TSLA,291,4,-215
2026-01-16T17:45:43.670399,GOOG,-127,4,-385
2026-01-16T17:45:43.670399,MSFT,-697,4,-385
2026-01-16T17:45:43.670399,AAPL,318,4,-385
2026-01-16T17:45:43.670399,TSLA,121,4,-385
2026-01-16T17:45:44.675102,GOOG,-127,4,-224
2026-01-16T17:45:44.675102,MSFT,-697,4,-224
2026-01-16T17:45:44.675102,AAPL,479,4,-224
2026-01-16T17:45:44.675102,TSLA,121,4,-224
2026-01-16T17:45:45.665445,GOOG,-458,4,-555
2026-01-16T17:45:45.665445,MSFT,-697,4,-555
2026-01-16T17:45:45.665445,AAPL,479,4,-555
2026-01-16T17:45:45.665445,TSLA,121,4,-555
2026-01-16T17:45:46.674015,GOOG,-458,4,-668
2026-01-16T17:45:46.674015,MSFT,-697,4,-668
2026-01-16T17:45:46.674015,AAPL,366,4,-668
2026-01-16T17:45:46.674015,TSLA,121,4,-668
2026-01-16T17:45:47.687460,GOOG,-458,4,-481
2026-01-16T17:45:47.687460,MSFT,-510,4,-481
2026-01-16T17:45:47.687460,AAPL,366,4,-481
2026-01-16T17:45:47.687460,TSLA,121,4,-481
2026-01-16T17:45:48.705356,GOOG,-458,4,-705
2026-01-16T17:45:48.705356,MSFT,-510,4,-705
2026-01-16T17:45:48.705356,AAPL,142,4,-705
2026-01-16T17:45:48.705356,TSLA,121,4,-705
2026-01-16T17:45:49.712517,GOOG,-458,4,-685
2026-01-16T17:45:49.712517,MSFT,-510,4,-685
2026-01-16T17:45:49.712517,AAPL,142,4,-685
2026-01-16T17:45:49.712517,TSLA,141,4,-685
2026-01-16T17:45:50.723199,GOOG,-458,4,-422
2026-01-16T17:45:50.723199,MSFT,-510,4,-422
2026-01-16T17:45:50.723199,AAPL,405,4,-422
2026-01-16T17:45:50.723199,TSLA,141,4,-422
2026-01-16T17:45:51.735643,GOOG,-458,4,-28
2026-01-16T17:45:51.735643,MSFT,-510,4,-28
2026-01-16T17:45:51.735643,AAPL,405,4,-28
2026-01-16T17:45:51.735643,TSLA,535,4,-28
2026-01-16T17:45:52.736534,GOOG,-458,4,137
2026-01-16T17:45:52.736534,MSFT,-510,4,137
2026-01-16T17:45:52.736534,AAPL,570,4,137
2026-01-16T17:45:52.736534,TSLA,535,4,137
2026-01-16T17:45:53.746264,GOOG,-458,4,387
2026-01-16T17:45:53.746264,MSFT,-510,4,387
2026-01-16T17:45:53.746264,AAPL,570,4,387
2026-01-16T17:45:53.746264,TSLA,785,4,387
2026-01-16T17:45:54.750400,GOOG,-458,4,17
2026-01-16T17:45:54.750400,MSFT,-880,4,17
2026-01-16T17:45:54.750400,AAPL,570,4,17
2026-01-16T17:45:54.750400,TSLA,785,4,17
2026-01-16T17:45:55.765569,GOOG,-458,4,212
2026-01-16T17:45:55.765569,MSFT,-880,4,212
2026-01-16T17:45:55.765569,AAPL,765,4,212
2026-01-16T17:45:55.765569,TSLA,785,4,212
2026-01-16T17:45:56.768735,GOOG,-458,4,666
2026-01-16T17:45:56.768735,MSFT,-880,4,666
2026-01-16T17:45:56.768735,AAPL,765,4,666
2026-01-16T17:45:56.768735,TSLA,1239,4,666
2026-01-16T17:45:57.780493,GOOG,-792,4,332
2026-01-16T17:45:57.780493,MSFT,-880,4,332
2026-01-16T17:45:57.780493,AAPL,765,4,332
2026-01-16T17:45:57.780493,TSLA,1239,4,332
2026-01-16T17:45:58.795370,GOOG,-792,4,-84
2026-01-16T17:45:58.795370,MSFT,-880,4,-84
2026-01-16T17:45:58.795370,AAPL,349,4,-84
2026-01-16T17:45:58.795370,TSLA,1239,4,-84
2026-01-16T17:45:59.787975,GOOG,-792,4,-464
2026-01-16T17:45:59.787975,MSFT,-880,4,-464
2026-01-16T17:45:59.787975,AAPL,-31,4,-464
2026-01-16T17:45:59.787975,TSLA,1239,4,-464
2026-01-16T17:46:00.803064,GOOG,-792,4,-543
2026-01-16T17:46:00.803064,MSFT,-880,4,-543
2026-01-16T17:46:00.803064,AAPL,-31,4,-543
2026-01-16T17:46:00.803064,TSLA,1160,4,-543
2026-01-16T17:46:01.807643,GOOG,-792,4,-530
2026-01-16T17:46:01.807643,MSFT,-880,4,-530
2026-01-16T17:46:01.807643,AAPL,-18,4,-530
2026-01-16T17:46:01.807643,TSLA,1160,4,-530
2026-01-16T17:46:02.809624,GOOG,-792,4,-832
2026-01-16T17:46:02.809624,MSFT,-1182,4,-832
2026-01-16T17:46:02.809624,AAPL,-18,4,-832
2026-01-16T17:46:02.809624,TSLA,1160,4,-832
2026-01-16T17:46:03.815544,GOOG,-792,4,-1277
2026-01-16T17:46:03.815544,MSFT,-1182,4,-1277
2026-01-16T17:46:03.815544,AAPL,-463,4,-1277
2026-01-16T17:46:03.815544,TSLA,1160,4,-1277
2026-01-16T17:46:04.821028,GOOG,-792,4,-1128
2026-01-16T17:46:04.821028,MSFT,-1182,4,-1128
2026-01-16T17:46:04.821028,AAPL,-314,4,-1128
2026-01-16T17:46:04.821028,TSLA,1160,4,-1128
2026-01-16T17:46:05.832311,GOOG,-792,4,-1094
2026-01-16T17:46:05.832311,MSFT,-1182,4,-1094
2026-01-16T17:46:05.832311,AAPL,-314,4,-1094
2026-01-16T17:46:05.832311,TSLA,1194,4,-1094
2026-01-16T17:46:06.848887,GOOG,-792,4,-1195
2026-01-16T17:46:06.848887,MSFT,-1283,4,-1195
2026-01-16T17:46:06.848887,AAPL,-314,4,-1195
2026-01-16T17:46:06.848887,TSLA,1194,4,-1195
2026-01-16T17:46:07.858577,GOOG,-792,4,-961
2026-01-16T17:46:07.858577,MSFT,-1283,4,-961
2026-01-16T17:46:07.858577,AAPL,-314,4,-961
2026-01-16T17:46:07.858577,TSLA,1428,4,-961
2026-01-16T17:46:08.865963,GOOG,-473,4,-642
2026-01-16T17:46:08.865963,MSFT,-1283,4,-642
2026-01-16T17:46:08.865963,AAPL,-314,4,-642
2026-01-16T17:46:08.865963,TSLA,1428,4,-642
2026-01-16T17:46:09.871226,GOOG,-884,4,-1053
2026-01-16T17:46:09.871226,MSFT,-1283,4,-1053
2026-01-16T17:46:09.871226,AAPL,-314,4,-1053
2026-01-16T17:46:09.871226,TSLA,1428,4,-1053
2026-01-16T17:46:10.873919,GOOG,-884,4,-1084
2026-01-16T17:46:10.873919,MSFT,-1314,4,-1084
2026-01-16T17:46:10.873919,AAPL,-314,4,-1084
2026-01-16T17:46:10.873919,TSLA,1428,4,-1084
2026-01-16T17:46:11.880383,GOOG,-884,4,-956
2026-01-16T17:46:11.880383,MSFT,-1314,4,-956
2026-01-16T17:46:11.880383,AAPL,-186,4,-956
2026-01-16T17:46:11.880383,TSLA,1428,4,-956
2026-01-16T17:46:12.890010,GOOG,-884,4,-634
2026-01-16T17:46:12.890010,MSFT,-1314,4,-634
2026-01-16T17:46:12.890010,AAPL,-186,4,-634
2026-01-16T17:46:12.890010,TSLA,1750,4,-634
2026-01-16T17:46:13.883987,GOOG,-884,4,-502
2026-01-16T17:46:13.883987,MSFT,-1314,4,-502
2026-01-16T17:46:13.883987,AAPL,-186,4,-502
2026-01-16T17:46:13.883987,TSLA,1882,4,-502
2026-01-16T17:46:14.892384,GOOG,-884,4,-632
2026-01-16T17:46:14.892384,MSFT,-1314,4,-632
2026-01-16T17:46:14.892384,AAPL,-316,4,-632
2026-01-16T17:46:14.892384,TSLA,1882,4,-632
2026-01-16T17:46:15.903604,GOOG,-884,4,-781
2026-01-16T17:46:15.903604,MSFT,-1463,4,-781
2026-01-16T17:46:15.903604,AAPL,-316,4,-781
2026-01-16T17:46:15.903604,TSLA,1882,4,-781
2026-01-16T17:46:16.908394,GOOG,-884,4,-1129
2026-01-16T17:46:16.908394,MSFT,-1811,4,-1129
2026-01-16T17:46:16.908394,AAPL,-316,4,-1129
2026-01-16T17:46:16.908394,TSLA,1882,4,-1129
2026-01-16T17:46:17.915450,GOOG,-884,4,-931
2026-01-16T17:46:17.915450,MSFT,-1811,4,-931
2026-01-16T17:46:17.915450,AAPL,-316,4,-931
2026-01-16T17:46:17.915450,TSLA,2080,4,-931
2026-01-16T17:46:18.900995,GOOG,-884,4,-1252
2026-01-16T17:46:18.900995,MSFT,-2132,4,-1252
2026-01-16T17:46:18.900995,AAPL,-316,4,-1252
2026-01-16T17:46:18.900995,TSLA,2080,4,-1252
2026-01-16T17:46:19.925178,GOOG,-1001,4,-1369
2026-01-16T17:46:19.925178,MSFT,-2132,4,-1369
2026-01-16T17:46:19.925178,AAPL,-316,4,-1369
2026-01-16T17:46:19.925178,TSLA,2080,4,-1369
2026-01-16T17:46:20.915948,GOOG,-1001,4,-918
2026-01-16T17:46:20.915948,MSFT,-2132,4,-918
2026-01-16T17:46:20.915948,AAPL,-316,4,-918
2026-01-16T17:46:20.915948,TSLA,2531,4,-918
2026-01-16T17:46:21.934561,GOOG,-1001,4,-759
2026-01-16T17:46:21.934561,MSFT,-2132,4,-759
2026-01-16T17:46:21.934561,AAPL,-157,4,-759
2026-01-16T17:46:21.934561,TSLA,2531,4,-759
2026-01-16T17:46:22.935341,GOOG,-1001,4,-933
2026-01-16T17:46:22.935341,MSFT,-2306,4,-933
2026-01-16T17:46:22.935341,AAPL,-157,4,-933
2026-01-16T17:46:22.935341,TSLA,2531,4,-933
2026-01-16T17:46:23.940485,GOOG,-1001,4,-655
2026-01-16T17:46:23.940485,MSFT,-2306,4,-655
2026-01-16T17:46:23.940485,AAPL,121,4,-655
2026-01-16T17:46:23.940485,TSLA,2531,4,-655
2026-01-16T17:46:24.944917,GOOG,-1302,4,-956
2026-01-16T17:46:24.944917,MSFT,-2306,4,-956
2026-01-16T17:46:24.944917,AAPL,121,4,-956
2026-01-16T17:46:24.944917,TSLA,2531,4,-956
2026-01-16T17:46:25.951228,GOOG,-1302,4,-586
2026-01-16T17:46:25.951228,MSFT,-1936,4,-586
2026-01-16T17:46:25.951228,AAPL,121,4,-586
2026-01-16T17:46:25.951228,TSLA,2531,4,-586
2026-01-16T17:46:26.940196,GOOG,-1302,4,-523
2026-01-16T17:46:26.940196,MSFT,-1873,4,-523
2026-01-16T17:46:26.940196,AAPL,121,4,-523
2026-01-16T17:46:26.940196,TSLA,2531,4,-523
2026-01-16T17:46:27.964115,GOOG,-1302,4,-873
2026-01-16T17:46:27.964115,MSFT,-2223,4,-873
2026-01-16T17:46:27.964115,AAPL,121,4,-873
2026-01-16T17:46:27.964115,TSLA,2531,4,-873
2026-01-16T17:46:28.969823,GOOG,-1302,4,-918
2026-01-16T17:46:28.969823,MSFT,-2223,4,-918
2026-01-16T17:46:28.969823,AAPL,76,4,-918
2026-01-16T17:46:28.969823,TSLA,2531,4,-918
2026-01-16T17:46:29.988327,GOOG,-1302,4,-538
2026-01-16T17:46:29.988327,MSFT,-1843,4,-538
2026-01-16T17:46:29.988327,AAPL,76,4,-538
2026-01-16T17:46:29.988327,TSLA,2531,4,-538
2026-01-16T17:46:30.991960,GOOG,-1302,4,-962
2026-01-16T17:46:30.991960,MSFT,-2267,4,-962
2026-01-16T17:46:30.991960,AAPL,76,4,-962
2026-01-16T17:46:30.991960,TSLA,2531,4,-962
2026-01-16T17:46:31.988339,GOOG,-1226,4,-886
2026-01-16T17:46:31.988339,MSFT,-2267,4,-886
2026-01-16T17:46:31.988339,AAPL,76,4,-886
2026-01-16T17:46:31.988339,TSLA,2531,4,-886
2026-01-16T17:46:32.984759,GOOG,-1226,4,-685
2026-01-16T17:46:32.984759,MSFT,-2267,4,-685
2026-01-16T17:46:32.984759,AAPL,277,4,-685
2026-01-16T17:46:32.984759,TSLA,2531,4,-685
2026-01-16T17:46:34.012330,GOOG,-1400,4,-859
2026-01-16T17:46:34.012330,MSFT,-2267,4,-859
2026-01-16T17:46:34.012330,AAPL,277,4,-859
2026-01-16T17:46:34.012330,TSLA,2531,4,-859
2026-01-16T17:46:35.017780,GOOG,-1400,4,-633
2026-01-16T17:46:35.017780,MSFT,-2267,4,-633
2026-01-16T17:46:35.017780,AAPL,503,4,-633
2026-01-16T17:46:35.017780,TSLA,2531,4,-633
2026-01-16T17:46:36.002712,GOOG,-1400,4,-547
2026-01-16T17:46:36.002712,MSFT,-2181,4,-547
2026-01-16T17:46:36.002712,AAPL,503,4,-547
2026-01-16T17:46:36.002712,TSLA,2531,4,-547
2026-01-16T17:46:37.025537,GOOG,-1400,4,-115
2026-01-16T17:46:37.025537,MSFT,-1749,4,-115
2026-01-16T17:46:37.025537,AAPL,503,4,-115
2026-01-16T17:46:37.025537,TSLA,2531,4,-115
2026-01-16T17:46:38.033397,GOOG,-1400,4,-318
2026-01-16T17:46:38.033397,MSFT,-1952,4,-318
2026-01-16T17:46:38.033397,AAPL,503,4,-318
2026-01-16T17:46:38.033397,TSLA,2531,4,-318
2026-01-16T17:46:39.069318,GOOG,-1400,4,-818
2026-01-16T17:46:39.069318,MSFT,-1952,4,-818
2026-01-16T17:46:39.069318,AAPL,3,4,-818
2026-01-16T17:46:39.069318,TSLA,2531,4,-818
2026-01-16T17:46:40.074448,GOOG,-1400,4,-1068
2026-01-16T17:46:40.074448,MSFT,-1952,4,-1068
2026-01-16T17:46:40.074448,AAPL,3,4,-1068
2026-01-16T17:46:40.074448,TSLA,2281,4,-1068
2026-01-16T17:46:41.073884,GOOG,-1400,4,-574
2026-01-16T17:46:41.073884,MSFT,-1952,4,-574
2026-01-16T17:46:41.073884,AAPL,497,4,-574
2026-01-16T17:46:41.073884,TSLA,2281,4,-574
2026-01-16T17:46:42.078730,GOOG,-1400,4,-482
2026-01-16T17:46:42.078730,MSFT,-1952,4,-482
2026-01-16T17:46:42.078730,AAPL,497,4,-482
2026-01-16T17:46:42.078730,TSLA,2373,4,-482
2026-01-16T17:46:43.067153,GOOG,-1437,4,-519
2026-01-16T17:46:43.067153,MSFT,-1952,4,-519
2026-01-16T17:46:43.067153,AAPL,497,4,-519
2026-01-16T17:46:43.067153,TSLA,2373,4,-519
2026-01-16T17:46:44.080159,GOOG,-1437,4,-130
2026-01-16T17:46:44.080159,MSFT,-1563,4,-130
2026-01-16T17:46:44.080159,AAPL,497,4,-130
2026-01-16T17:46:44.080159,TSLA,2373,4,-130
2026-01-16T17:46:45.098736,GOOG,-1437,4,-475
2026-01-16T17:46:45.098736,MSFT,-1563,4,-475
2026-01-16T17:46:45.098736,AAPL,497,4,-475
2026-01-16T17:46:45.098736,TSLA,2028,4,-475
2026-01-16T17:46:46.097855,GOOG,-1859,4,-897
2026-01-16T17:46:46.097855,MSFT,-1563,4,-897
2026-01-16T17:46:46.097855,AAPL,497,4,-897
2026-01-16T17:46:46.097855,TSLA,2028,4,-897
2026-01-16T17:46:47.107545,GOOG,-2295,4,-1333
2026-01-16T17:46:47.107545,MSFT,-1563,4,-1333
2026-01-16T17:46:47.107545,AAPL,497,4,-1333
2026-01-16T17:46:47.107545,TSLA,2028,4,-1333
2026-01-16T17:46:48.113680,GOOG,-2295,4,-1804
2026-01-16T17:46:48.113680,MSFT,-1563,4,-1804
2026-01-16T17:46:48.113680,AAPL,497,4,-1804
2026-01-16T17:46:48.113680,TSLA,1557,4,-1804
2026-01-16T17:46:49.126400,GOOG,-2295,4,-2177
2026-01-16T17:46:49.126400,MSFT,-1563,4,-2177
2026-01-16T17:46:49.126400,AAPL,124,4,-2177
2026-01-16T17:46:49.126400,TSLA,1557,4,-2177
2026-01-16T17:46:50.128149,GOOG,-2295,4,-1777
2026-01-16T17:46:50.128149,MSFT,-1163,4,-1777
2026-01-16T17:46:50.128149,AAPL,124,4,-1777
2026-01-16T17:46:50.128149,TSLA,1557,4,-1777
2026-01-16T17:46:51.162683,GOOG,-2335,4,-1817
2026-01-16T17:46:51.162683,MSFT,-1163,4,-1817
2026-01-16T17:46:51.162683,AAPL,124,4,-1817
2026-01-16T17:46:51.162683,TSLA,1557,4,-1817
2026-01-16T17:46:52.167882,GOOG,-2176,4,-1658
2026-01-16T17:46:52.167882,MSFT,-1163,4,-1658
2026-01-16T17:46:52.167882,AAPL,124,4,-1658
2026-01-16T17:46:52.167882,TSLA,1557,4,-1658
2026-01-16T17:46:53.177051,GOOG,-2176,4,-1263
2026-01-16T17:46:53.177051,MSFT,-1163,4,-1263
2026-01-16T17:46:53.177051,AAPL,124,4,-1263
2026-01-16T17:46:53.177051,TSLA,1952,4,-1263
2026-01-16T17:46:54.182965,GOOG,-2176,4,-1314
2026-01-16T17:46:54.182965,MSFT,-1163,4,-1314
2026-01-16T17:46:54.182965,AAPL,124,4,-1314
2026-01-16T17:46:54.182965,TSLA,1901,4,-1314
2026-01-16T17:46:55.191579,GOOG,-2176,4,-1467
2026-01-16T17:46:55.191579,MSFT,-1163,4,-1467
2026-01-16T17:46:55.191579,AAPL,-29,4,-1467
2026-01-16T17:46:55.191579,TSLA,1901,4,-1467
2026-01-16T17:46:56.206653,GOOG,-1874,4,-1165
2026-01-16T17:46:56.206653,MSFT,-1163,4,-1165
2026-01-16T17:46:56.206653,AAPL,-29,4,-1165
2026-01-16T17:46:56.206653,TSLA,1901,4,-1165
2026-01-16T17:46:57.225021,GOOG,-1874,4,-1002
2026-01-16T17:46:57.225021,MSFT,-1163,4,-1002
2026-01-16T17:46:57.225021,AAPL,-29,4,-1002
2026-01-16T17:46:57.225021,TSLA,2064,4,-1002
2026-01-16T17:46:58.236878,GOOG,-2184,4,-1312
2026-01-16T17:46:58.236878,MSFT,-1163,4,-1312
2026-01-16T17:46:58.236878,AAPL,-29,4,-1312
2026-01-16T17:46:58.236878,TSLA,2064,4,-1312
2026-01-16T17:46:59.250981,GOOG,-2184,4,-1548
2026-01-16T17:46:59.250981,MSFT,-1163,4,-1548
2026-01-16T17:46:59.250981,AAPL,-29,4,-1548
2026-01-16T17:46:59.250981,TSLA,1828,4,-1548
2026-01-16T17:47:00.263515,GOOG,-2184,4,-1084
2026-01-16T17:47:00.263515,MSFT,-1163,4,-1084
2026-01-16T17:47:00.263515,AAPL,435,4,-1084
2026-01-16T17:47:00.263515,TSLA,1828,4,-1084
2026-01-16T17:47:01.267445,GOOG,-1908,4,-808
2026-01-16T17:47:01.267445,MSFT,-1163,4,-808
2026-01-16T17:47:01.267445,AAPL,435,4,-808
2026-01-16T17:47:01.267445,TSLA,1828,4,-808
2026-01-16T17:47:02.289577,GOOG,-1908,4,-1109
2026-01-16T17:47:02.289577,MSFT,-1464,4,-1109
2026-01-16T17:47:02.289577,AAPL,435,4,-1109
2026-01-16T17:47:02.289577,TSLA,1828,4,-1109
2026-01-16T17:47:03.303829,GOOG,-1908,4,-1186
2026-01-16T17:47:03.303829,MSFT,-1464,4,-1186
2026-01-16T17:47:03.303829,AAPL,358,4,-1186
2026-01-16T17:47:03.303829,TSLA,1828,4,-1186
2026-01-16T17:47:04.316929,GOOG,-1469,4,-747
2026-01-16T17:47:04.316929,MSFT,-1464,4,-747
2026-01-16T17:47:04.316929,AAPL,358,4,-747
2026-01-16T17:47:04.316929,TSLA,1828,4,-747
2026-01-16T17:47:05.320802,GOOG,-1469,4,-767
2026-01-16T17:47:05.320802,MSFT,-1484,4,-767
2026-01-16T17:47:05.320802,AAPL,358,4,-767
2026-01-16T17:47:05.320802,TSLA,1828,4,-767
2026-01-16T17:47:06.318628,GOOG,-1469,4,-713
2026-01-16T17:47:06.318628,MSFT,-1484,4,-713
2026-01-16T17:47:06.318628,AAPL,358,4,-713
2026-01-16T17:47:06.318628,TSLA,1882,4,-713
2026-01-16T17:47:07.345626,GOOG,-1469,4,-1043
2026-01-16T17:47:07.345626,MSFT,-1814,4,-1043
2026-01-16T17:47:07.345626,AAPL,358,4,-1043
2026-01-16T17:47:07.345626,TSLA,1882,4,-1043
2026-01-16T17:47:08.361570,GOOG,-1469,4,-1347
2026-01-16T17:47:08.361570,MSFT,-1814,4,-1347
2026-01-16T17:47:08.361570,AAPL,358,4,-1347
2026-01-16T17:47:08.361570,TSLA,1578,4,-1347
2026-01-16T17:47:09.361626,GOOG,-1469,4,-1482
2026-01-16T17:47:09.361626,MSFT,-1814,4,-1482
2026-01-16T17:47:09.361626,AAPL,223,4,-1482
2026-01-16T17:47:09.361626,TSLA,1578,4,-1482
2026-01-16T17:47:10.377001,GOOG,-1469,4,-1511
2026-01-16T17:47:10.377001,MSFT,-1814,4,-1511
2026-01-16T17:47:10.377001,AAPL,194,4,-1511
2026-01-16T17:47:10.377001,TSLA,1578,4,-1511
2026-01-16T17:47:11.391040,GOOG,-1469,4,-1032
2026-01-16T17:47:11.391040,MSFT,-1814,4,-1032
2026-01-16T17:47:11.391040,AAPL,194,4,-1032
2026-01-16T17:47:11.391040,TSLA,2057,4,-1032
2026-01-16T17:47:12.399043,GOOG,-1469,4,-886
2026-01-16T17:47:12.399043,MSFT,-1814,4,-886
2026-01-16T17:47:12.399043,AAPL,340,4,-886
2026-01-16T17:47:12.399043,TSLA,2057,4,-886
2026-01-16T17:47:13.392360,GOOG,-1469,4,-999
2026-01-16T17:47:13.392360,MSFT,-1814,4,-999
2026-01-16T17:47:13.392360,AAPL,227,4,-999
2026-01-16T17:47:13.392360,TSLA,2057,4,-999
2026-01-16T17:47:14.415342,GOOG,-1469,4,-1406
2026-01-16T17:47:14.415342,MSFT,-1814,4,-1406
2026-01-16T17:47:14.415342,AAPL,-180,4,-1406
2026-01-16T17:47:14.415342,TSLA,2057,4,-1406
2026-01-16T17:47:15.430973,GOOG,-1469,4,-1615
2026-01-16T17:47:15.430973,MSFT,-1814,4,-1615
2026-01-16T17:47:15.430973,AAPL,-180,4,-1615
2026-01-16T17:47:15.430973,TSLA,1848,4,-1615
2026-01-16T17:47:16.446725,GOOG,-1469,4,-1964
2026-01-16T17:47:16.446725,MSFT,-1814,4,-1964
2026-01-16T17:47:16.446725,AAPL,-529,4,-1964
2026-01-16T17:47:16.446725,TSLA,1848,4,-1964
2026-01-16T17:47:17.448733,GOOG,-1469,4,-2103
2026-01-16T17:47:17.448733,MSFT,-1814,4,-2103
2026-01-16T17:47:17.448733,AAPL,-668,4,-2103
2026-01-16T17:47:17.448733,TSLA,1848,4,-2103
2026-01-16T17:47:18.468849,GOOG,-1469,4,-2013
2026-01-16T17:47:18.468849,MSFT,-1814,4,-2013
2026-01-16T17:47:18.468849,AAPL,-668,4,-2013
2026-01-16T17:47:18.468849,TSLA,1938,4,-2013
2026-01-16T17:47:19.471457,GOOG,-1469,4,-1754
2026-01-16T17:47:19.471457,MSFT,-1814,4,-1754
2026-01-16T17:47:19.471457,AAPL,-409,4,-1754
2026-01-16T17:47:19.471457,TSLA,1938,4,-1754
2026-01-16T17:47:20.481105,GOOG,-1469,4,-2096
2026-01-16T17:47:20.481105,MSFT,-1814,4,-2096
2026-01-16T17:47:20.481105,AAPL,-751,4,-2096
2026-01-16T17:47:20.481105,TSLA,1938,4,-2096
2026-01-16T17:47:21.496040,GOOG,-1091,4,-1718
2026-01-16T17:47:21.496040,MSFT,-1814,4,-1718
2026-01-16T17:47:21.496040,AAPL,-751,4,-1718
2026-01-16T17:47:21.496040,TSLA,1938,4,-1718
2026-01-16T17:47:22.511813,GOOG,-1091,4,-1862
2026-01-16T17:47:22.511813,MSFT,-1958,4,-1862
2026-01-16T17:47:22.511813,AAPL,-751,4,-1862
2026-01-16T17:47:22.511813,TSLA,1938,4,-1862
2026-01-16T17:47:23.519117,GOOG,-1091,4,-1996
2026-01-16T17:47:23.519117,MSFT,-1958,4,-1996
2026-01-16T17:47:23.519117,AAPL,-751,4,-1996
2026-01-16T17:47:23.519117,TSLA,1804,4,-1996
2026-01-16T17:47:24.529700,GOOG,-1091,4,-1714
2026-01-16T17:47:24.529700,MSFT,-1958,4,-1714
2026-01-16T17:47:24.529700,AAPL,-751,4,-1714
2026-01-16T17:47:24.529700,TSLA,2086,4,-1714
2026-01-16T17:47:25.547150,GOOG,-766,4,-1389
2026-01-16T17:47:25.547150,MSFT,-1958,4,-1389
2026-01-16T17:47:25.547150,AAPL,-751,4,-1389
2026-01-16T17:47:25.547150,TSLA,2086,4,-1389
2026-01-16T17:47:26.548146,GOOG,-766,4,-1269
2026-01-16T17:47:26.548146,MSFT,-1838,4,-1269
2026-01-16T17:47:26.548146,AAPL,-751,4,-1269
2026-01-16T17:47:26.548146,TSLA,2086,4,-1269
2026-01-16T17:47:27.560210,GOOG,-766,4,-994
2026-01-16T17:47:27.560210,MSFT,-1838,4,-994
2026-01-16T17:47:27.560210,AAPL,-751,4,-994
2026-01-16T17:47:27.560210,TSLA,2361,4,-994
2026-01-16T17:47:28.572592,GOOG,-766,4,-1132
2026-01-16T17:47:28.572592,MSFT,-1838,4,-1132
2026-01-16T17:47:28.572592,AAPL,-751,4,-1132
2026-01-16T17:47:28.572592,TSLA,2223,4,-1132
2026-01-16T17:47:29.585060,GOOG,-403,4,-769
2026-01-16T17:47:29.585060,MSFT,-1838,4,-769
2026-01-16T17:47:29.585060,AAPL,-751,4,-769
2026-01-16T17:47:29.585060,TSLA,2223,4,-769
2026-01-16T17:47:30.584846,GOOG,-403,4,-574
2026-01-16T17:47:30.584846,MSFT,-1838,4,-574
2026-01-16T17:47:30.584846,AAPL,-556,4,-574
2026-01-16T17:47:30.584846,TSLA,2223,4,-574
2026-01-16T17:47:31.601368,GOOG,-141,4,-312
2026-01-16T17:47:31.601368,MSFT,-1838,4,-312
2026-01-16T17:47:31.601368,AAPL,-556,4,-312
2026-01-16T17:47:31.601368,TSLA,2223,4,-312
2026-01-16T17:47:32.618503,GOOG,-141,4,-182
2026-01-16T17:47:32.618503,MSFT,-1708,4,-182
2026-01-16T17:47:32.618503,AAPL,-556,4,-182
2026-01-16T17:47:32.618503,TSLA,2223,4,-182
2026-01-16T17:47:33.619547,GOOG,158,4,117
2026-01-16T17:47:33.619547,MSFT,-1708,4,117
2026-01-16T17:47:33.619547,AAPL,-556,4,117
2026-01-16T17:47:33.619547,TSLA,2223,4,117
2026-01-16T17:47:34.633416,GOOG,158,4,-245
2026-01-16T17:47:34.633416,MSFT,-2070,4,-245
2026-01-16T17:47:34.633416,AAPL,-556,4,-245
2026-01-16T17:47:34.633416,TSLA,2223,4,-245
2026-01-16T17:47:35.634911,GOOG,158,4,-121
2026-01-16T17:47:35.634911,MSFT,-1946,4,-121
2026-01-16T17:47:35.634911,AAPL,-556,4,-121
2026-01-16T17:47:35.634911,TSLA,2223,4,-121
2026-01-16T17:47:36.641588,GOOG,158,4,-71
2026-01-16T17:47:36.641588,MSFT,-1896,4,-71
2026-01-16T17:47:36.641588,AAPL,-556,4,-71
2026-01-16T17:47:36.641588,TSLA,2223,4,-71
2026-01-16T17:47:37.666585,GOOG,158,4,37
2026-01-16T17:47:37.666585,MSFT,-1896,4,37
2026-01-16T17:47:37.666585,AAPL,-448,4,37
2026-01-16T17:47:37.666585,TSLA,2223,4,37
2026-01-16T17:47:38.675314,GOOG,259,4,138
2026-01-16T17:47:38.675314,MSFT,-1896,4,138
2026-01-16T17:47:38.675314,AAPL,-448,4,138
2026-01-16T17:47:38.675314,TSLA,2223,4,138
2026-01-16T17:47:39.677623,GOOG,259,4,250
2026-01-16T17:47:39.677623,MSFT,-1896,4,250
2026-01-16T17:47:39.677623,AAPL,-448,4,250
2026-01-16T17:47:39.677623,TSLA,2335,4,250
2026-01-16T17:47:40.688902,GOOG,259,4,273
2026-01-16T17:47:40.688902,MSFT,-1896,4,273
2026-01-16T17:47:40.688902,AAPL,-425,4,273
2026-01-16T17:47:40.688902,TSLA,2335,4,273
2026-01-16T17:47:41.693616,GOOG,259,4,565
2026-01-16T17:47:41.693616,MSFT,-1896,4,565
2026-01-16T17:47:41.693616,AAPL,-133,4,565
2026-01-16T17:47:41.693616,TSLA,2335,4,565
2026-01-16T17:47:42.711132,GOOG,259,4,472
2026-01-16T17:47:42.711132,MSFT,-1896,4,472
2026-01-16T17:47:42.711132,AAPL,-133,4,472
2026-01-16T17:47:42.711132,TSLA,2242,4,472
2026-01-16T17:47:43.711106,GOOG,538,4,751
2026-01-16T17:47:43.711106,MSFT,-1896,4,751
2026-01-16T17:47:43.711106,AAPL,-133,4,751
2026-01-16T17:47:43.711106,TSLA,2242,4,751
2026-01-16T17:47:44.716182,GOOG,538,4,1113
2026-01-16T17:47:44.716182,MSFT,-1896,4,1113
2026-01-16T17:47:44.716182,AAPL,229,4,1113
2026-01-16T17:47:44.716182,TSLA,2242,4,1113
2026-01-16T17:47:45.738919,GOOG,600,4,1175
2026-01-16T17:47:45.738919,MSFT,-1896,4,1175
2026-01-16T17:47:45.738919,AAPL,229,4,1175
2026-01-16T17:47:45.738919,TSLA,2242,4,1175
2026-01-16T17:47:46.750137,GOOG,600,4,975
2026-01-16T17:47:46.750137,MSFT,-1896,4,975
2026-01-16T17:47:46.750137,AAPL,229,4,975
2026-01-16T17:47:46.750137,TSLA,2042,4,975
